Workbook

Sheet HR Health Check
A1: HR HEALTH CHECK - SELF-ASSESSMENT TOOL
A2: Evaluate the effectiveness, consistency, and governance of your HR function | Forisa Abadijaya Sejahtera
A4: SCORING GUIDE: 1 = Not in place | 2 = Partially in place | 3 = In place, needs improvement | 4 = Well implemented | 5 = Mature & continuously improved
A6: 01. ORGANIZATION & HR GOVERNANCE
A7: # | B7: Assessment Statement | C7: Score (1-5) | D7: Max | E7: Status / Notes
A8: 1 | B8: Organizational structure and reporting lines are clearly defined. | C8: 4 | D8: 5 | E8: =IF(C8>=4,"Strong",IF(C8>=3,"Moderate","Needs Focus"))
A9: 2 | B9: Every position has clearly defined responsibilities and authority. | C9: 4 | D9: 5 | E9: =IF(C9>=4,"Strong",IF(C9>=3,"Moderate","Needs Focus"))
A10: 3 | B10: There is no significant overlap or gap in responsibilities between positions. | C10: 2 | D10: 5 | E10: =IF(C10>=4,"Strong",IF(C10>=3,"Moderate","Needs Focus"))
A11: 4 | B11: Management has clearly defined who can make which decisions. | C11: 4 | D11: 5 | E11: =IF(C11>=4,"Strong",IF(C11>=3,"Moderate","Needs Focus"))
A12: 5 | B12: HR policies are formally documented and communicated to employees. | C12: 4 | D12: 5 | E12: =IF(C12>=4,"Strong",IF(C12>=3,"Moderate","Needs Focus"))
A13: 6 | B13: HR decisions are based on consistent policies rather than individual preferences. | C13: 2 | D13: 5 | E13: =IF(C13>=4,"Strong",IF(C13>=3,"Moderate","Needs Focus"))
A14: 7 | B14: There is a clear escalation mechanism for employee and management issues. | C14: 4 | D14: 5 | E14: =IF(C14>=4,"Strong",IF(C14>=3,"Moderate","Needs Focus"))
A15: 8 | B15: HR information is properly documented and accessible to authorized management. | C15: 4 | D15: 5 | E15: =IF(C15>=4,"Strong",IF(C15>=3,"Moderate","Needs Focus"))
B16: SECTION TOTAL | C16: =SUM(C8:C15) | D16: =SUM(D8:D15) | E16: =C16/D16
A18: 02. WORKFORCE PLANNING
A19: # | B19: Assessment Statement | C19: Score (1-5) | D19: Max | E19: Status / Notes
A20: 9 | B20: The organization knows how many employees are required for each function. | C20: 2 | D20: 5 | E20: =IF(C20>=4,"Strong",IF(C20>=3,"Moderate","Needs Focus"))
A21: 10 | B21: Manpower requirements are linked to business targets and workload. | C21: 4 | D21: 5 | E21: =IF(C21>=4,"Strong",IF(C21>=3,"Moderate","Needs Focus"))
A22: 11 | B22: The organization regularly reviews manpower productivity. | C22: 4 | D22: 5 | E22: =IF(C22>=4,"Strong",IF(C22>=3,"Moderate","Needs Focus"))
A23: 12 | B23: Critical positions have identified backup or succession plans. | C23: 2 | D23: 5 | E23: =IF(C23>=4,"Strong",IF(C23>=3,"Moderate","Needs Focus"))
A24: 13 | B24: Employee turnover is monitored and analyzed. | C24: 4 | D24: 5 | E24: =IF(C24>=4,"Strong",IF(C24>=3,"Moderate","Needs Focus"))
A25: 14 | B25: Absenteeism and attendance patterns are regularly reviewed. | C25: 4 | D25: 5 | E25: =IF(C25>=4,"Strong",IF(C25>=3,"Moderate","Needs Focus"))
A26: 15 | B26: Workforce costs are monitored against business performance. | C26: 2 | D26: 5 | E26: =IF(C26>=4,"Strong",IF(C26>=3,"Moderate","Needs Focus"))
A27: 16 | B27: Management has reliable data to support manpower decisions. | C27: 4 | D27: 5 | E27: =IF(C27>=4,"Strong",IF(C27>=3,"Moderate","Needs Focus"))
B28: SECTION TOTAL | C28: =SUM(C20:C27) | D28: =SUM(D20:D27) | E28: =C28/D28
A30: 03. RECRUITMENT & SELECTION
A31: # | B31: Assessment Statement | C31: Score (1-5) | D31: Max | E31: Status / Notes
A32: 17 | B32: Each position has clearly defined job requirements. | C32: 4 | D32: 5 | E32: =IF(C32>=4,"Strong",IF(C32>=3,"Moderate","Needs Focus"))
A33: 18 | B33: Recruitment criteria are based on actual job requirements. | C33: 2 | D33: 5 | E33: =IF(C33>=4,"Strong",IF(C33>=3,"Moderate","Needs Focus"))
A34: 19 | B34: Candidates are assessed using a consistent selection process. | C34: 4 | D34: 5 | E34: =IF(C34>=4,"Strong",IF(C34>=3,"Moderate","Needs Focus"))
A35: 20 | B35: Interviews evaluate both technical capability and behavioral fit. | C35: 4 | D35: 5 | E35: =IF(C35>=4,"Strong",IF(C35>=3,"Moderate","Needs Focus"))
A36: 21 | B36: Recruitment results are evaluated after employees join. | C36: 2 | D36: 5 | E36: =IF(C36>=4,"Strong",IF(C36>=3,"Moderate","Needs Focus"))
A37: 22 | B37: The organization tracks recruitment success and early turnover. | C37: 4 | D37: 5 | E37: =IF(C37>=4,"Strong",IF(C37>=3,"Moderate","Needs Focus"))
A38: 23 | B38: Hiring decisions are supported by documented assessment results. | C38: 4 | D38: 5 | E38: =IF(C38>=4,"Strong",IF(C38>=3,"Moderate","Needs Focus"))
A39: 24 | B39: Recruitment channels are evaluated based on quality of candidates, not only volume. | C39: 2 | D39: 5 | E39: =IF(C39>=4,"Strong",IF(C39>=3,"Moderate","Needs Focus"))
B40: SECTION TOTAL | C40: =SUM(C32:C39) | D40: =SUM(D32:D39) | E40: =C40/D40
A42: 04. PERFORMANCE MANAGEMENT
A43: # | B43: Assessment Statement | C43: Score (1-5) | D43: Max | E43: Status / Notes
A44: 25 | B44: Employees have clearly defined performance expectations. | C44: 4 | D44: 5 | E44: =IF(C44>=4,"Strong",IF(C44>=3,"Moderate","Needs Focus"))
A45: 26 | B45: KPIs are linked to organizational and departmental objectives. | C45: 4 | D45: 5 | E45: =IF(C45>=4,"Strong",IF(C45>=3,"Moderate","Needs Focus"))
A46: 27 | B46: Individual KPIs are measurable and understandable. | C46: 2 | D46: 5 | E46: =IF(C46>=4,"Strong",IF(C46>=3,"Moderate","Needs Focus"))
A47: 28 | B47: Performance is reviewed regularly, not only at year-end. | C47: 4 | D47: 5 | E47: =IF(C47>=4,"Strong",IF(C47>=3,"Moderate","Needs Focus"))
A48: 29 | B48: Managers provide meaningful performance feedback. | C48: 4 | D48: 5 | E48: =IF(C48>=4,"Strong",IF(C48>=3,"Moderate","Needs Focus"))
A49: 30 | B49: Underperformance is identified and addressed systematically. | C49: 2 | D49: 5 | E49: =IF(C49>=4,"Strong",IF(C49>=3,"Moderate","Needs Focus"))
A50: 31 | B50: High performers are recognized appropriately. | C50: 4 | D50: 5 | E50: =IF(C50>=4,"Strong",IF(C50>=3,"Moderate","Needs Focus"))
A51: 32 | B51: Performance data is used in management decision-making. | C51: 4 | D51: 5 | E51: =IF(C51>=4,"Strong",IF(C51>=3,"Moderate","Needs Focus"))
B52: SECTION TOTAL | C52: =SUM(C44:C51) | D52: =SUM(D44:D51) | E52: =C52/D52
A54: 05. COMPENSATION & REWARD
A55: # | B55: Assessment Statement | C55: Score (1-5) | D55: Max | E55: Status / Notes
A56: 33 | B56: Compensation structures are clearly defined. | C56: 2 | D56: 5 | E56: =IF(C56>=4,"Strong",IF(C56>=3,"Moderate","Needs Focus"))
A57: 34 | B57: Salary levels are reviewed periodically. | C57: 4 | D57: 5 | E57: =IF(C57>=4,"Strong",IF(C57>=3,"Moderate","Needs Focus"))
A58: 35 | B58: Compensation is reasonably aligned with job responsibilities. | C58: 4 | D58: 5 | E58: =IF(C58>=4,"Strong",IF(C58>=3,"Moderate","Needs Focus"))
A59: 36 | B59: Incentives are linked to measurable performance where appropriate. | C59: 2 | D59: 5 | E59: =IF(C59>=4,"Strong",IF(C59>=3,"Moderate","Needs Focus"))
A60: 37 | B60: Employees understand how their performance affects rewards. | C60: 4 | D60: 5 | E60: =IF(C60>=4,"Strong",IF(C60>=3,"Moderate","Needs Focus"))
A61: 38 | B61: Payroll information is accurate and properly controlled. | C61: 4 | D61: 5 | E61: =IF(C61>=4,"Strong",IF(C61>=3,"Moderate","Needs Focus"))
A62: 39 | B62: Management monitors total people costs against business performance. | C62: 2 | D62: 5 | E62: =IF(C62>=4,"Strong",IF(C62>=3,"Moderate","Needs Focus"))
A63: 40 | B63: Reward decisions are applied consistently across comparable roles. | C63: 4 | D63: 5 | E63: =IF(C63>=4,"Strong",IF(C63>=3,"Moderate","Needs Focus"))
B64: SECTION TOTAL | C64: =SUM(C56:C63) | D64: =SUM(D56:D63) | E64: =C64/D64
A66: 06. EMPLOYEE RELATIONS & CULTURE
A67: # | B67: Assessment Statement | C67: Score (1-5) | D67: Max | E67: Status / Notes
A68: 41 | B68: Employees understand organizational values and expected behaviors. | C68: 4 | D68: 5 | E68: =IF(C68>=4,"Strong",IF(C68>=3,"Moderate","Needs Focus"))
A69: 42 | B69: Communication between management and employees is effective. | C69: 2 | D69: 5 | E69: =IF(C69>=4,"Strong",IF(C69>=3,"Moderate","Needs Focus"))
A70: 43 | B70: Employee complaints are handled through a defined process. | C70: 4 | D70: 5 | E70: =IF(C70>=4,"Strong",IF(C70>=3,"Moderate","Needs Focus"))
A71: 44 | B71: Workplace conflicts are addressed promptly. | C71: 4 | D71: 5 | E71: =IF(C71>=4,"Strong",IF(C71>=3,"Moderate","Needs Focus"))
A72: 45 | B72: Managers are accountable for the behavior and performance of their teams. | C72: 2 | D72: 5 | E72: =IF(C72>=4,"Strong",IF(C72>=3,"Moderate","Needs Focus"))
A73: 46 | B73: Employee engagement or satisfaction is periodically assessed. | C73: 4 | D73: 5 | E73: =IF(C73>=4,"Strong",IF(C73>=3,"Moderate","Needs Focus"))
A74: 47 | B74: Management understands the main causes of employee turnover. | C74: 4 | D74: 5 | E74: =IF(C74>=4,"Strong",IF(C74>=3,"Moderate","Needs Focus"))
A75: 48 | B75: The organization actively works to build a healthy working culture. | C75: 2 | D75: 5 | E75: =IF(C75>=4,"Strong",IF(C75>=3,"Moderate","Needs Focus"))
B76: SECTION TOTAL | C76: =SUM(C68:C75) | D76: =SUM(D68:D75) | E76: =C76/D76
A78: 07. HR COMPLIANCE & RISK
A79: # | B79: Assessment Statement | C79: Score (1-5) | D79: Max | E79: Status / Notes
A80: 49 | B80: Employee documentation is complete and properly maintained. | C80: 4 | D80: 5 | E80: =IF(C80>=4,"Strong",IF(C80>=3,"Moderate","Needs Focus"))
A81: 50 | B81: Employment agreements and HR documentation are properly managed. | C81: 4 | D81: 5 | E81: =IF(C81>=4,"Strong",IF(C81>=3,"Moderate","Needs Focus"))
A82: 51 | B82: Working hours, attendance, leave, and absence are properly monitored. | C82: 2 | D82: 5 | E82: =IF(C82>=4,"Strong",IF(C82>=3,"Moderate","Needs Focus"))
A83: 52 | B83: Statutory employment obligations are monitored and managed. | C83: 4 | D83: 5 | E83: =IF(C83>=4,"Strong",IF(C83>=3,"Moderate","Needs Focus"))
A84: 53 | B84: HR-related risks are periodically identified and reviewed. | C84: 4 | D84: 5 | E84: =IF(C84>=4,"Strong",IF(C84>=3,"Moderate","Needs Focus"))
A85: 54 | B85: Employee disciplinary processes are documented and consistently applied. | C85: 2 | D85: 5 | E85: =IF(C85>=4,"Strong",IF(C85>=3,"Moderate","Needs Focus"))
A86: 55 | B86: Confidential employee information is properly protected. | C86: 4 | D86: 5 | E86: =IF(C86>=4,"Strong",IF(C86>=3,"Moderate","Needs Focus"))
A87: 56 | B87: Management understands the potential consequences of HR non-compliance. | C87: 4 | D87: 5 | E87: =IF(C87>=4,"Strong",IF(C87>=3,"Moderate","Needs Focus"))
B88: SECTION TOTAL | C88: =SUM(C80:C87) | D88: =SUM(D80:D87) | E88: =C88/D88
A90: 08. HR DATA & DECISION SUPPORT
A91: # | B91: Assessment Statement | C91: Score (1-5) | D91: Max | E91: Status / Notes
A92: 57 | B92: The organization maintains accurate employee data. | C92: 2 | D92: 5 | E92: =IF(C92>=4,"Strong",IF(C92>=3,"Moderate","Needs Focus"))
A93: 58 | B93: HR has reliable data on headcount and turnover. | C93: 4 | D93: 5 | E93: =IF(C93>=4,"Strong",IF(C93>=3,"Moderate","Needs Focus"))
A94: 59 | B94: Attendance and absence data are regularly analyzed. | C94: 4 | D94: 5 | E94: =IF(C94>=4,"Strong",IF(C94>=3,"Moderate","Needs Focus"))
A95: 60 | B95: Recruitment and turnover data are monitored. | C95: 2 | D95: 5 | E95: =IF(C95>=4,"Strong",IF(C95>=3,"Moderate","Needs Focus"))
A96: 61 | B96: HR can provide management with meaningful workforce reports. | C96: 4 | D96: 5 | E96: =IF(C96>=4,"Strong",IF(C96>=3,"Moderate","Needs Focus"))
A97: 62 | B97: HR metrics are connected to business performance. | C97: 4 | D97: 5 | E97: =IF(C97>=4,"Strong",IF(C97>=3,"Moderate","Needs Focus"))
A98: 63 | B98: Management uses HR data when making business decisions. | C98: 2 | D98: 5 | E98: =IF(C98>=4,"Strong",IF(C98>=3,"Moderate","Needs Focus"))
A99: 64 | B99: HR reporting is timely, accurate, and actionable. | C99: 4 | D99: 5 | E99: =IF(C99>=4,"Strong",IF(C99>=3,"Moderate","Needs Focus"))
B100: SECTION TOTAL | C100: =SUM(C92:C99) | D100: =SUM(D92:D99) | E100: =C100/D100
A102: GRAND TOTAL HR HEALTH SCORE | C102: =+C16+C28+C40+C52+C64+C76+C88+C100 | D102: =+D16+D28+D40+D52+D64+D76+D88+D100 | E102: =C102/D102

Sheet Dashboard & Report
A1: HR HEALTH EXECUTIVE DASHBOARD
A2: Overall Performance Summary & Section Breakdown
B4: TOTAL HR HEALTH SCORE | D4: HEALTH LEVEL | F4: OVERALL COMPLIANCE %
B5: ='HR Health Check'!C102 | D5: =IF(B5>=256,"Strong Foundation",IF(B5>=192,"Developing",IF(B5>=128,"Needs Attention","High Risk"))) | F5: =B5/320
A7: Section Breakdown | H7: Score Interpretation Scale
A8: Section # | B8: HR Function Area | C8: Score | D8: Max | E8: % Achieved | F8: Status Level | H8: Score Range | I8: Health Level | J8: Interpretation & Guidance
A9: 01 | B9: ORGANIZATION & HR GOVERNANCE | C9: ='HR Health Check'!C16 | D9: ='HR Health Check'!D16 | E9: =C9/D9 | F9: =IF(E9>=0.8,"Strong",IF(E9>=0.6,"Developing",IF(E9>=0.4,"Needs Attention","High Risk"))) | H9: 256 – 320 | I9: Strong Foundation | J9: Core HR systems are generally established and functioning. Focus on optimization and continuous improvement.
A10: 02 | B10: WORKFORCE PLANNING | C10: ='HR Health Check'!C28 | D10: ='HR Health Check'!D28 | E10: =C10/D10 | F10: =IF(E10>=0.8,"Strong",IF(E10>=0.6,"Developing",IF(E10>=0.4,"Needs Attention","High Risk"))) | H10: 192 – 255 | I10: Developing | J10: Important HR systems exist, but several areas require strengthening and greater consistency.
A11: 03 | B11: RECRUITMENT & SELECTION | C11: ='HR Health Check'!C40 | D11: ='HR Health Check'!D40 | E11: =C11/D11 | F11: =IF(E11>=0.8,"Strong",IF(E11>=0.6,"Developing",IF(E11>=0.4,"Needs Attention","High Risk"))) | H11: 128 – 191 | I11: Needs Attention | J11: Significant gaps may be affecting people management, operational consistency, or business performance.
A12: 04 | B12: PERFORMANCE MANAGEMENT | C12: ='HR Health Check'!C52 | D12: ='HR Health Check'!D52 | E12: =C12/D12 | F12: =IF(E12>=0.8,"Strong",IF(E12>=0.6,"Developing",IF(E12>=0.4,"Needs Attention","High Risk"))) | H12: 64 – 127 | I12: High Risk | J12: HR practices may be largely reactive and expose the organization to operational, people, and compliance risks.
A13: 05 | B13: COMPENSATION & REWARD | C13: ='HR Health Check'!C64 | D13: ='HR Health Check'!D64 | E13: =C13/D13 | F13: =IF(E13>=0.8,"Strong",IF(E13>=0.6,"Developing",IF(E13>=0.4,"Needs Attention","High Risk")))
A14: 06 | B14: EMPLOYEE RELATIONS & CULTURE | C14: ='HR Health Check'!C76 | D14: ='HR Health Check'!D76 | E14: =C14/D14 | F14: =IF(E14>=0.8,"Strong",IF(E14>=0.6,"Developing",IF(E14>=0.4,"Needs Attention","High Risk")))
A15: 07 | B15: HR COMPLIANCE & RISK | C15: ='HR Health Check'!C88 | D15: ='HR Health Check'!D88 | E15: =C15/D15 | F15: =IF(E15>=0.8,"Strong",IF(E15>=0.6,"Developing",IF(E15>=0.4,"Needs Attention","High Risk")))
A16: 08 | B16: HR DATA & DECISION SUPPORT | C16: ='HR Health Check'!C100 | D16: ='HR Health Check'!D100 | E16: =C16/D16 | F16: =IF(E16>=0.8,"Strong",IF(E16>=0.6,"Developing",IF(E16>=0.4,"Needs Attention","High Risk")))

Sheet Action Roadmap
A1: HR IMPROVEMENT ROADMAP & MANAGEMENT ACTION
A3: THE 5 QUESTIONS MANAGEMENT SHOULD ASK
A4: # | B4: Management Discussion Question | C4: Context & Focus Area | D4: Management Assessment & Notes
A5: 1 | B5: Where is our biggest HR gap? | C5: Which section received the lowest score? Focus immediate assessment here. | D5: [ Enter management notes here ]
A6: 2 | B6: Which HR issue is already affecting business performance? | C6: Don't focus only on HR symptoms. Identify direct impact on revenue, cost, or execution. | D6: [ Enter management notes here ]
A7: 3 | B7: Which HR process depends too heavily on individual people? | C7: Identify key-person dependency. If one HR person or manager leaves, does the system work? | D7: [ Enter management notes here ]
A8: 4 | B8: Which HR policy exists on paper but is not consistently implemented? | C8: A policy that is not consistently practiced is a major governance weakness. | D8: [ Enter management notes here ]
A9: 5 | B9: What should we fix first? | C9: Prioritize issues based on business impact, risk level, and implementation urgency. | D9: [ Enter management notes here ]
A12: HR IMPROVEMENT ROADMAP (ACTION PLAN)
A13: Priority Issue | B13: Root Cause | C13: Business Impact | D13: Required Action | E13: Owner | F13: Timeline | G13: Success Measure
A14: Unclear job responsibilities | B14: Lack of formal job descriptions | C14: Overlap in duties & decision delays | D14: Develop & review standard Job Descriptions for all roles | E14: HR Manager | F14: Q1 2027 | G14: 100% signed JDs
A15: High turnover in key roles | B15: Competitive salary & vague career path | C15: High recruitment cost & lost productivity | D15: Conduct salary bench-marking & define career progression | E15: HR Director | F15: Q2 2027 | G15: Turnover rate < 10%
A16: Inconsistent Performance Feedback | B16: Managers lack appraisal coaching | C16: Low employee engagement & unclear KPIs | D16: Conduct KPI setting workshop & manager coaching | E16: OD Specialist | F16: Q1 2027 | G16: Bi-annual review compliance > 95%
A17: Paper-only HR Policies | B17: Policies not integrated into daily Ops | C17: Governance risk & inconsistent compliance | D17: Publish HR Handbook & run policy orientation sessions | E17: HR Ops Lead | F17: Q2 2027 | G17: Policy acknowledgment score 100%

Sheet FAS Perspective & Support
A1: FORISA ABADIJAYA SEHASTERA (FAS) - PERSPECTIVE & SERVICES
A3: “HR should not operate as an administrative function isolated from the business. A healthy HR function creates clarity in roles, consistency in decisions, accountability in performance, and discipline in organizational execution.”
A6: NEED A DEEPER ASSESSMENT? HOW FAS CAN HELP:
A7: # | B7: Service Area | C7: Description & Value Add
A8: 1 | B8: HR & Organizational Health Assessment | C8: Comprehensive diagnostic of your HR architecture, culture, and compliance risks.
A9: 2 | B9: Organizational Structure Review | C9: Optimizing reporting lines, span of control, and eliminating operational redundancies.
A10: 3 | B10: KPI & Performance Management | C10: Designing balanced scorecard and objective KPI frameworks tied to business growth.
A11: 4 | B11: HR Policy & SOP Development | C11: Creating practical, compliant, and enforceable HR policies and operational procedures.
A12: 5 | B12: Governance & Accountability Framework | C12: Establishing governance structures that drive accountability and execution discipline.
A13: 6 | B13: Authority Matrix Development | C13: Defining clear decision-making rights (Delegation of Authority) across all management levels.
A14: 7 | B14: Leadership Alignment | C14: Aligning executive leadership around shared strategy, values, and management standards.
A15: 8 | B15: Organizational Effectiveness Improvement | C15: Transforming HR into a strategic business enabler for sustainable impact.
A18: FORISA ABADIJAYA SEHASTERA — Governance. People. Performance. Impact.
